id;name;description;price;product_size;image;image_content_type;product_category_id
1;mobile Fish;Home Loan Account Table Computer;5808;S;4368697073;image/png;2
2;methodology Albania;Home Namibia;39986;S;536176696e6773204163636f756e742073796e64696361746520506c616e6e6572;image/png;5
3;HDD;Table Small Frozen Sausages Planner;80839;S;47616d657320526567696f6e616c204469676974697a6564;image/png;7
4;hardware Costa Rica Mayotte;Industrial;84228;S;54616374696373;image/png;9
5;compress South Georgia and the South Sandwich Islands;compelling mission-critical;54269;S;6f72616e676520426f6f6b73;image/png;9
6;monitor;1080p Checking Account Identity;65107;S;7061796d656e74;image/png;6
7;tangible Mississippi;Frozen bus;76078;S;496e74656c6c6967656e74204f7574646f6f7273;image/png;7
8;knowledge base Buckinghamshire;Concrete Investment Account Saint Lucia;20306;S;4175746f204c6f616e204163636f756e74206d6f64756c617220526566696e6564;image/png;5
9;mint green e-business EXE;back-end;89609;S;636f7079696e67;image/png;9
10;Games;Iraq Bedfordshire;69243;S;736b7920626c7565;image/png;6
